artist_id,artist_name,external_url
74KM79TiuVKeVCqs8QtB0B,Sabrina Carpenter,https://api.spotify.com/v1/artists/74KM79TiuVKeVCqs8QtB0B
6Ff53KvcvAj5U7Z1vojB5o,*NSYNC,https://api.spotify.com/v1/artists/6Ff53KvcvAj5U7Z1vojB5o
3eVa5w3URK5duf6eyVDbu9,ROSÉ,https://api.spotify.com/v1/artists/3eVa5w3URK5duf6eyVDbu9
0du5cEVh5yTK9QJze8zA0C,Bruno Mars,https://api.spotify.com/v1/artists/0du5cEVh5yTK9QJze8zA0C
11p2E654TTU8e0nZWBR4AL,Mark Ambor,https://api.spotify.com/v1/artists/11p2E654TTU8e0nZWBR4AL
0tC995Rfn9k2l7nqgCZsV7,Prateek Kuhad,https://api.spotify.com/v1/artists/0tC995Rfn9k2l7nqgCZsV7
25uiPmTg16RbhZWAqwLBy5,Charli xcx,https://api.spotify.com/v1/artists/25uiPmTg16RbhZWAqwLBy5
6qqNVTkY8uBg9cP3Jd7DAH,Billie Eilish,https://api.spotify.com/v1/artists/6qqNVTkY8uBg9cP3Jd7DAH
1HY2Jd0NmPuamShAr6KMms,Lady Gaga,https://api.spotify.com/v1/artists/1HY2Jd0NmPuamShAr6KMms
181bsRPaVXVlUKXrxwZfHK,Megan Thee Stallion,https://api.spotify.com/v1/artists/181bsRPaVXVlUKXrxwZfHK
6Qhgat07PNOdnJSnCXJigu,千葉雄喜,https://api.spotify.com/v1/artists/6Qhgat07PNOdnJSnCXJigu
06HL4z0CvFAxyc27GXpf02,Taylor Swift,https://api.spotify.com/v1/artists/06HL4z0CvFAxyc27GXpf02
4gzpq5DPGxSnKTe4SA8HAU,Coldplay,https://api.spotify.com/v1/artists/4gzpq5DPGxSnKTe4SA8HAU
7GlBOeep6PqTfFi59PTUUN,Chappell Roan,https://api.spotify.com/v1/artists/7GlBOeep6PqTfFi59PTUUN
66CXWjxzNUsdJxJ2JdwvnR,Ariana Grande,https://api.spotify.com/v1/artists/66CXWjxzNUsdJxJ2JdwvnR
6mDl7lQiLxT0iQ8LYhAlWy,Zerb,https://api.spotify.com/v1/artists/6mDl7lQiLxT0iQ8LYhAlWy
69GGBxA162lTqCwzJG5jLp,The Chainsmokers,https://api.spotify.com/v1/artists/69GGBxA162lTqCwzJG5jLp
4ZhFCxPekpmV12n2xMeF2z,Ink,https://api.spotify.com/v1/artists/4ZhFCxPekpmV12n2xMeF2z
246dkjvS1zLTtiykXe5h60,Post Malone,https://api.spotify.com/v1/artists/246dkjvS1zLTtiykXe5h60
5arKwJZEvT5uKq4o0JfqR4,Isabel LaRosa,https://api.spotify.com/v1/artists/5arKwJZEvT5uKq4o0JfqR4
2loEsOijJ6XiGzWYFXMIRk,Adam Port,https://api.spotify.com/v1/artists/2loEsOijJ6XiGzWYFXMIRk
6XjgqvaVLUib6lCerbZrYD,Stryv,https://api.spotify.com/v1/artists/6XjgqvaVLUib6lCerbZrYD
26WKgv73kRHD0gEDKD1i8j,Keinemusik,https://api.spotify.com/v1/artists/26WKgv73kRHD0gEDKD1i8j
2yyaNPcdxZcn4iutCcLMaC,Orso,https://api.spotify.com/v1/artists/2yyaNPcdxZcn4iutCcLMaC
37lTKHi901VnwngQ7C8noT,Malachiii,https://api.spotify.com/v1/artists/37lTKHi901VnwngQ7C8noT
6ltzsmQQbmdoHHbLZ4ZN25,Lord Huron,https://api.spotify.com/v1/artists/6ltzsmQQbmdoHHbLZ4ZN25
0Y5tJX1MQlPlqiwlOH1tJY,Travis Scott,https://api.spotify.com/v1/artists/0Y5tJX1MQlPlqiwlOH1tJY
699OTQXzgjhIYAHMy9RyPD,Playboi Carti,https://api.spotify.com/v1/artists/699OTQXzgjhIYAHMy9RyPD
3y2cIKLjiOlp1Np37WiUdH,Shaboozey,https://api.spotify.com/v1/artists/3y2cIKLjiOlp1Np37WiUdH
4nVa6XlBFlIkF6msW57PHp,Hanumankind,https://api.spotify.com/v1/artists/4nVa6XlBFlIkF6msW57PHp
6tYCSHLtTI54AQJFOMfU45,Kalmi,https://api.spotify.com/v1/artists/6tYCSHLtTI54AQJFOMfU45
6M2wZ9GZgrQXHCFfjv46we,Dua Lipa,https://api.spotify.com/v1/artists/6M2wZ9GZgrQXHCFfjv46we
1Xyo4u8uXC1ZmMpatF05PJ,The Weeknd,https://api.spotify.com/v1/artists/1Xyo4u8uXC1ZmMpatF05PJ
6tbjWDEIzxoDsBA1FuhfPW,Madonna,https://api.spotify.com/v1/artists/6tbjWDEIzxoDsBA1FuhfPW
0PCCGZ0wGLizHt2KZ7hhA2,Artemas,https://api.spotify.com/v1/artists/0PCCGZ0wGLizHt2KZ7hhA2
2FXC3k01G6Gw61bmprjgqS,Hozier,https://api.spotify.com/v1/artists/2FXC3k01G6Gw61bmprjgqS
2uYWxilOVlUdk4oV9DvwqK,Mitski,https://api.spotify.com/v1/artists/2uYWxilOVlUdk4oV9DvwqK
4nDoRrQiYLoBzwC5BhVJzF,Camila Cabello,https://api.spotify.com/v1/artists/4nDoRrQiYLoBzwC5BhVJzF
5cj0lLjcoR7YOSnhnX0Po5,Doja Cat,https://api.spotify.com/v1/artists/5cj0lLjcoR7YOSnhnX0Po5
3SozjO3Lat463tQICI9LcE,Tyla,https://api.spotify.com/v1/artists/3SozjO3Lat463tQICI9LcE
22wbnEMDvgVIAGdFeek6ET,Benson Boone,https://api.spotify.com/v1/artists/22wbnEMDvgVIAGdFeek6ET
5L1lO4eRHmJ7a0Q6csE5cT,LISA,https://api.spotify.com/v1/artists/5L1lO4eRHmJ7a0Q6csE5cT
7ltDVBr6mKbRvohxheJ9h1,ROSALÍA,https://api.spotify.com/v1/artists/7ltDVBr6mKbRvohxheJ9h1
0C8ZW7ezQVs4URX5aX7Kqx,Selena Gomez,https://api.spotify.com/v1/artists/0C8ZW7ezQVs4URX5aX7Kqx
5p9HO3XC5P3BLxJs5Mtrhm,Djo,https://api.spotify.com/v1/artists/5p9HO3XC5P3BLxJs5Mtrhm
33qOK5uJ8AR2xuQQAhHump,Teddy Swims,https://api.spotify.com/v1/artists/33qOK5uJ8AR2xuQQAhHump
7vk5e3vY1uw9plTHJAMwjN,Alan Walker,https://api.spotify.com/v1/artists/7vk5e3vY1uw9plTHJAMwjN
5ZLrUYtJDZYWQXicVVO8On,Putri Ariani,https://api.spotify.com/v1/artists/5ZLrUYtJDZYWQXicVVO8On
56zJ6PZ3mNPBiBqglW2KxL,Peder Elias,https://api.spotify.com/v1/artists/56zJ6PZ3mNPBiBqglW2KxL
6HaGTQPmzraVmaVxvz6EUc,Jung Kook,https://api.spotify.com/v1/artists/6HaGTQPmzraVmaVxvz6EUc
4yvcSjfu4PC0CYQyLy4wSq,Glass Animals,https://api.spotify.com/v1/artists/4yvcSjfu4PC0CYQyLy4wSq
2LIk90788K0zvyj2JJVwkJ,Jack Harlow,https://api.spotify.com/v1/artists/2LIk90788K0zvyj2JJVwkJ
7Ez6lTtSMjMf2YSYpukP1I,Dasha,https://api.spotify.com/v1/artists/7Ez6lTtSMjMf2YSYpukP1I
4q3ewBCX7sLwd24euuV69X,Bad Bunny,https://api.spotify.com/v1/artists/4q3ewBCX7sLwd24euuV69X
